部品番号,数量,部品,おすすめの入手先,メモ
U1,1,AE-QFN28-DIP (CH32X035G8U6 実装済み),秋月 131018,付属ピンヘッダをはんだ付け。基板側は1x15ピンソケット×2推奨
XU1,2,1x15 ピンソケット (2.54mm),秋月,長いのを切ってもOK
J1,1,USB Type-C DIP化キット (エコノミー),秋月 115426,7ピンを基板に挿す。VBUS(四角パッド)が左。コネクタは基板の上端向き
U2,1,TA48033S (3.3V LDO TO-220),秋月 100534,足: 1=IN 2=GND 3=OUT。はんだ前にデータシートで向き確認
U3,1,24FC512-I/P (EEPROM DIP8),秋月,ソケット推奨
U4,1,23LC512-I/P (SRAM DIP8),秋月,ソケット推奨
U7,1,74HC125 (DIP14),秋月,ソケット推奨
XU3 XU4,2,DIP8 ICソケット,秋月,
XU7,1,DIP14 ICソケット,秋月,
U5,0,USBLC6-2SC6 (ESD保護),(省略OK),表面実装なので付けなくても動作します。付けないときはそのまま空きでOK
"R1,R2",2,5.1kΩ 1/4W,秋月,USB-C の CC 抵抗 (必須)
"R3,R4,R7",3,1kΩ 1/4W,秋月,LED用
"R5,R6",2,4.7kΩ 1/4W,秋月,I2Cプルアップ
"R8,R9,R10,R11,R14",5,10kΩ 1/4W,秋月,
R15,1,2.2kΩ 1/4W,秋月,HOST PWR 表示LED用
"C1,C6",2,4.7µF セラミック (2.5mm ピッチ),秋月,
C2,1,47µF 16V 電解コンデンサ (φ5 2mmピッチ),秋月,+ の向きに注意 (シルクの+)
"C3,C4,C5,C10",4,0.1µF 積層セラミック,秋月,
C9,1,10µF セラミック,秋月,
C8,1,100µF 16V 電解コンデンサ (φ6.3 2.5mmピッチ),秋月,+ の向きに注意
F1,1,ポリスイッチ 0.5A (RXEF050 等 5.1mmピッチ),秋月,
"D1,D2,D3,D4",4,3mm LED,手持ちでOK,四角パッド側 = カソード(-)。足の短い方を四角へ
"SW1,SW2",2,タクトスイッチ 6x6mm,秋月,
"SW3,SW4",2,スライドスイッチ 1回路2接点 (2.54mmピッチ3ピン),秋月 (SS-12D00 系など),SW4=メイン電源 兼 リセット / SW3=USBホスト電源
J2,1,1x4 ピンヘッダ,秋月,USB HOST
J3,1,1x5 ピンヘッダ,秋月,DISPLAY
J4,1,1x4 ピンヘッダ,秋月,WCH-LINK
J5,1,1x3 ピンヘッダ,秋月,UART
J6,1,1x6 ピンヘッダ,秋月,SPI/SD
J7,1,2x5 ピンヘッダ,秋月,EXP
JP1,1,1x2 ピンヘッダ (+ジャンパ),秋月,普段はジャンパなし
